,app_id
37,113
12,114
44,115
2,116
65,119
43,120
56,123
54,125
85,126
0,127
60,128
7,133
4,134
95,135
38,137
68,138
87,139
55,141
53,146
13,149
32,150
21,151
39,152
80,154
73,156
72,159
23,163
26,165
90,168
24,169
47,170
100,172
66,173
41,174
15,175
46,185
34,186
27,189
28,190
92,195
5,196
93,197
17,198
29,199
58,201
30,203
9,204
52,206
6,207
11,208
16,212
1,213
22,214
63,217
8,220
45,222
3,225
84,231
62,271
83,277
40,306
10,322
14,347
36,349
79,357
57,364
77,420
48,445
103,457
50,467
25,472
71,489
49,490
81,491
67,498
20,513
51,516
102,518
101,523
98,572
86,577
19,579
31,585
35,619
64,649
99,669
97,678
69,679
42,722
91,746
94,757
82,775
96,800
76,821
18,846
33,862
61,887
78,895
59,926
74,948
70,1005
88,1039
89,1059
75,1063
